,0,1
Unnamed: 0,0,1
Unnamed: 0.1,0,1
835501.OC,中审众环会计师事务所（特殊普通合伙）,王明璀、钟志刚
836442.OC,立信中联会计师事务所（特殊普通合伙）,何晓云、东松
430588.OC,天健会计师事务所(特殊普通合伙),王建甫、许红瑾
831193.OC,中汇会计师事务所（特殊普通合伙）,赵书阳、唐小琴
833260.OC,中审众环会计师事务所(特殊普通合伙),黄丽琼、李晓娜
871664.OC,大信会计师事务所（特殊普通合伙）,陈金波、李应
430504.OC,中审众环会计师事务所（特殊普通合伙）,程玺、王胜民
832063.OC,大华会计师事务所(特殊普通合伙),潘永祥、耿小尚
833455.OC,北京兴华会计师事务所（特殊普通合伙）,孙金、宋文艳
834019.OC,瑞华会计师事务所（特殊普通合伙）,周伟、陈兴冬
430222.OC,瑞华会计师事务所（特殊普通合伙）,郑春林、赵亮
830813.OC,大信会计师事务所（特殊普通合伙）,范金池 白莲
830988.OC,北京永拓会计师事务所（特殊普通合伙）,张年军、李志华
831378.OC,大华会计师事务所（特殊普通合伙）,吕勇军、胡丽娟
836941.OC,江苏公证天业会计师事务所（特殊普通合伙）,丁春荣、陈秋菊
839790.OC,中汇会计师事务所（特殊普通合伙）,束哲民、陈艳
430405.OC,立信会计师事务所（特殊普通合伙）,柳志伟/魏晓戎
830779.OC,瑞华会计事务所（特殊普通合伙）,李军、许玉华
870381.OC,中准会计师事务所（特殊普通合伙）,支力、鲁玥玥
837602.OC,天健会计师事务所（特殊普通合伙）,管金明、张盼盼
872987.OC,否,中勤万信会计师事务所（特殊普通合伙）
831271.OC,立信会计师事务所（特殊普通合伙）,朱伟、倪金林
839182.OC,立信会计师事务所（特殊普通合伙）,吴震、黄春燕
835037.OC,大华会计师事务所（特殊普通合伙）,沈骏俊、吕勇军
839461.OC,利安达会计师事务所(特殊普通合伙),石卫红、纪圣吉
872123.OC,华普天健会计师事务所（特殊普通合伙）,范学军、王英航、陈守燕
834037.OC,否,中兴华会计师事务所（特殊普通合伙)
839680.OC,中审华会计师事务所（特殊普通合伙),单闽、吴英达
831053.OC,中喜会计师事务所（特殊普通合伙）,陈昱池   李松清
837663.OC,江苏公证天业会计师事务所(特殊普通合伙),李钢、黄元华
872222.OC,瑞华会计师事务所（特殊普通合伙）,江晓、邱志强
871706.OC,立信会计师事务所（特殊普通合伙）,蔡畅、何新娣
872905.OC,利安达会计师事务所（特殊普通合伙）,颜廷礼何再萍
831057.OC,四川华信(集团)会计师事务所(特殊普通合伙),陈素杰、吴良辉
831641.OC,立信会计师事务所（特殊普通合伙）,王娜、马小婕
833429.OC,否,华普天健会计师事务所（特殊普通合伙）
839181.OC,大华会计师事务所（特殊普通合伙）,颜新才、赵添波
839874.OC,立信会计师事务所（特殊普通合伙）,李惠丰、朱作武
831793.OC,大信会计师事务所,尹江、刘满光
832119.OC,大信会计师事务所（特殊普通合伙）,吴金锋、姜坤
837592.OC,天职国际会计师事务所（特殊普通合伙）,张居忠、周春阳
870126.OC,瑞华会计师事务所（特殊普通合伙）,师玉春、唐嵩
870168.OC,山东和信会计师事务所（特殊普通合伙）,李变利、刘方微
870804.OC,四川华信（集团）会计师事务所（特殊普通合伙）,武兴田、黄敏
872230.OC,瑞华会计师事务所(特殊普通合伙),师玉春、唐嵩
430497.OC,天衡会计师事务所（特殊普通合伙）,邱平、毕宏志
835513.OC,天职国际会计师事务所（特殊普通合伙）,周学民、文冬梅
836957.OC,立信会计师事务所(特殊普通合伙),裘小燕、梁超群
832305.OC,立信会计师事务所（特殊普通合伙）,廖家河、张鑫
832954.OC,立信会计师事务所（特殊普通合伙）,李惠丰、洪建良、徐泮卿
835721.OC,瑞华会计师事务所（特殊普通合伙）,金彬、纪海燕
835995.OC,中兴财光华会计师事务所(特殊普通合伙),赵海宾  王益兰
839715.OC,中兴财光华会计师事务所（特殊普通合伙）,宋守东、穆维宝
870583.OC,天健会计师事务所（特殊普通合伙）,马章松、吴向东
870840.OC,信永中和会计师事务所（特殊普通合伙）,张克东、高志英
873158.OC,瑞华会计师事务所(特殊普通合伙),郭勇、董其彬
831702.OC,山东和信会计师事务所（特殊普通合伙）,赵卫华、陈涛
832651.OC,致同会计师事务所（特殊普通合伙）,曹阳、王娟
833523.OC,大华会计师事务所（特殊普通合伙）,刘国平、张朝铖
833637.OC,福建华兴会计师事务所（特殊普通合伙）,文斌、方莉
839194.OC,010-88366060-8753、 15866707159,大信会计师事务所（特殊普通合伙）
839724.OC,瑞华会计师事务所(特殊普通合伙),黄怀颖、韩婷
839826.OC,,
871510.OC,中天运会计师事务所(特殊普通合伙),张志良、张月敏
834102.OC,天职国际会计师事务所（特殊普通合伙）,钟炽兵、王璟
834933.OC,立信会计师事务所(特殊普通合伙),陈建顺、付忠伟
836024.OC,天健会计师事务所（特殊普通合伙）,康雪艳、苏晓峰
430369.OC,立信会计师事务所（特殊普通合伙）,杨雄、王晓明
831438.OC,0,0
832347.OC,利安达会计师事务所（特殊普通合伙）,刘素云、梁军娥
832554.OC,天职国际会计师事务所（特殊普通合伙）,周学民、文冬梅
833505.OC,中兴财光华会计师事务所(特殊普通合伙),高术峰、覃赞昌
837865.OC,希格玛会计师事务所（特殊普通合伙）,张冀、常瑛
870019.OC,大信会计师事务所(特殊普通合伙),王进 陶传宝
430120.OC,立信会计师事务所（特殊普通合伙）,李素英、孙彤
430706.OC,中审华会计师事务所（特殊普通合伙）,葛云虎 孙宝珩
831518.OC,天衡会计师事务所（特殊普通合伙）,罗顺华、孙晓薇
831866.OC,瑞华会计师事务所（特殊普通合伙）,袁刚山、韩仰
833453.OC,中兴财光华,徐菲、柴云清
834720.OC,大信会计师事务所（特殊普通合伙）,蔡宗宝、王明生
834902.OC,中兴华会计师事务所(特殊普通合伙),朱震宇、刘银海
835666.OC,立信会计师事务所(特殊普通合伙),谢晖、赖其寿
835990.OC,亚太（集团）会计师事务所（特殊普通合伙）,王英武、李孝念
836306.OC,天衡会计师事务所（特殊普通合伙）,史文明、苏娜
839655.OC,致同会计师事务所(特殊普通合伙),王涛、李士龙
871660.OC,天职国际会计师事务所（特殊普通合伙）,傅成钢、王井国
831080.OC,中审众环会计师事务所（特殊普通合伙）,吴仁强、曹捷
831591.OC,天健会计师事务所(特殊普通合伙),施其林、沈筱敏
833548.OC,立信会计师事务所(特殊普通合伙),裘小燕、刘国荣
834026.OC,致同会计师事务所（特殊普通合伙）,
834044.OC,广东正中珠江会计师事务所(特殊普通合伙),何国铨、郑镇涛
835900.OC,中准会计师事务所（特殊普通合伙）,刘飞飞、蔡伟
836312.OC,瑞华会计师事务所,聂勇、杨赵艳
836366.OC,广东正中珠江会计师事务所（特殊普通合伙）,何国铨、徐如杰
837157.OC,致同会计师事务所(特殊普通合伙),廖金辉 刘润
838244.OC,大华会计师事务所（特殊普通合伙）,李文智、丛秀秀
871346.OC,中喜会计师事务所（特殊普通合伙）,王悦梅、杨晶晶
873253.OC,天健会计师事务所,马章松、邢昌磊
831916.OC,中喜会计师事务所(特殊普通合伙),刘大荣、杨涛
430632.OC,山东和信会计师事务所(特殊普通合伙),姚宏伟  吴军
838949.OC,中兴华会计师事务所（特殊普通合伙）,李晖、陈志岗
871234.OC,江苏公证天业会计师事务所（特殊普通合伙）,夏正曙、姜铭
832422.OC,福建华兴会计师事务所（特殊普通合伙）,林霞、余婷婷
831672.OC,和信会计师事务所（特殊普通合伙）,李雪华、陈宗强
837809.OC,华兴会计师事务所（特殊普通合伙）,陈航辉，林海
